avg_revenue_per_unit,category
21.447895781637687,"Office Supplies"
66.81946511627903,Technology
101.18656067415722,Furniture
