category,total_amount
Furniture,71996.71579999998
"Office Supplies",32371.272999999997
Technology,19657.771999999994
