customer_id,age,gender,total_purchases
SM-20320,62," Male",25043.05
TC-20980,29," Female",19052.217999999997
RB-19360,70," Male",15117.339
TA-21385,19," Male",14595.62
AB-10105,63," Male",14473.570999999998
